gene_symbol,sgRNA,source,On-Target Efficacy Score,prefix8,Fwd_oligo,Rev_oligo,Fwd_oligo_dialout
ACTB,GCCGTTGTCGACGACGAGCG,1_tkov3,0.6214,GCCGTTGT,CACCGGCCGTTGTCGACGACGAGCG,AAACCGCTCGTCGTCGACAACGGCC,CTTAAACCGGCCAACATACCCGTCTCGCACCGGCCGTTGTCGACGACGAGCGGTTTCGAGACGTCGAAAGGAACGAGTAGCAT
ACTB,CGTACAGGGATAGCACAGCC,0_brunello_pub,0.5644,CGTACAGG,CACCGCGTACAGGGATAGCACAGCC,AAACGGCTGTGCTATCCCTGTACGC,CTTAAACCGGCCAACATACCCGTCTCGCACCGCGTACAGGGATAGCACAGCCGTTTCGAGACGTCGAAAGGAACGAGTAGCAT
ACTB,AAGAGCTACGAGCTGCCTGA,0_brunello_pub,0.682,AAGAGCTA,CACCGAAGAGCTACGAGCTGCCTGA,AAACTCAGGCAGCTCGTAGCTCTTC,CTTAAACCGGCCAACATACCCGTCTCGCACCGAAGAGCTACGAGCTGCCTGAGTTTCGAGACGTCGAAAGGAACGAGTAGCAT
ACTB,AGCCTGGATAGCAACGTACA,2_brunello_dump,0.6904,AGCCTGGA,CACCGAGCCTGGATAGCAACGTACA,AAACTGTACGTTGCTATCCAGGCTC,CTTAAACCGGCCAACATACCCGTCTCGCACCGAGCCTGGATAGCAACGTACAGTTTCGAGACGTCGAAAGGAACGAGTAGCAT
AKT2,GACCCCATGGACTACAAGTG,0_brunello_pub,0.6895,GACCCCAT,CACCGGACCCCATGGACTACAAGTG,AAACCACTTGTAGTCCATGGGGTCC,CTTAAACCGGCCAACATACCCGTCTCGCACCGGACCCCATGGACTACAAGTGGTTTCGAGACGTCGAAAGGAACGAGTAGCAT
AKT2,CTCTTGAGTACTTGCACTCG,0_brunello_pub,0.6285,CTCTTGAG,CACCGCTCTTGAGTACTTGCACTCG,AAACCGAGTGCAAGTACTCAAGAGC,CTTAAACCGGCCAACATACCCGTCTCGCACCGCTCTTGAGTACTTGCACTCGGTTTCGAGACGTCGAAAGGAACGAGTAGCAT
AKT2,GTGGATGCGGGCCATCCAGA,1_tkov3,0.5599,GTGGATGC,CACCGGTGGATGCGGGCCATCCAGA,AAACTCTGGATGGCCCGCATCCACC,CTTAAACCGGCCAACATACCCGTCTCGCACCGGTGGATGCGGGCCATCCAGAGTTTCGAGACGTCGAAAGGAACGAGTAGCAT
AKT2,TATCTCAAACTCCTTGGCAA,1_tkov3,0.6442,TATCTCAA,CACCGTATCTCAAACTCCTTGGCAA,AAACTTGCCAAGGAGTTTGAGATAC,CTTAAACCGGCCAACATACCCGTCTCGCACCGTATCTCAAACTCCTTGGCAAGTTTCGAGACGTCGAAAGGAACGAGTAGCAT
ATF4,AGTCCCTCCAACAACAGCAA,0_brunello_pub,0.6807,AGTCCCTC,CACCGAGTCCCTCCAACAACAGCAA,AAACTTGCTGTTGTTGGAGGGACTC,CTTAAACCGGCCAACATACCCGTCTCGCACCGAGTCCCTCCAACAACAGCAAGTTTCGAGACGTCGAAAGGAACGAGTAGCAT
ATF4,GGTCAGAAGGTCATCTGGCA,1_tkov3,0.5976,GGTCAGAA,CACCGGGTCAGAAGGTCATCTGGCA,AAACTGCCAGATGACCTTCTGACCC,CTTAAACCGGCCAACATACCCGTCTCGCACCGGGTCAGAAGGTCATCTGGCAGTTTCGAGACGTCGAAAGGAACGAGTAGCAT
ATF4,ATTAGTCTCCTGGACTAGGG,Cell_health,0.6874,ATTAGTCT,CACCGATTAGTCTCCTGGACTAGGG,AAACCCCTAGTCCAGGAGACTAATC,CTTAAACCGGCCAACATACCCGTCTCGCACCGATTAGTCTCCTGGACTAGGGGTTTCGAGACGTCGAAAGGAACGAGTAGCAT
ATF4,TCCTGACTATCCTCAACTAG,2_brunello_dump,0.6451,TCCTGACT,CACCGTCCTGACTATCCTCAACTAG,AAACCTAGTTGAGGATAGTCAGGAC,CTTAAACCGGCCAACATACCCGTCTCGCACCGTCCTGACTATCCTCAACTAGGTTTCGAGACGTCGAAAGGAACGAGTAGCAT
CCNE1,ACTGACCTCAGTACAGGCAG,1_tkov3,0.6273,ACTGACCT,CACCGACTGACCTCAGTACAGGCAG,AAACCTGCCTGTACTGAGGTCAGTC,CTTAAACCGGCCAACATACCCGTCTCGCACCGACTGACCTCAGTACAGGCAGGTTTCGAGACGTCGAAAGGAACGAGTAGCAT
CCNE1,CCAAAATCGACAGGACGGCG,0_brunello_pub,0.5783,CCAAAATC,CACCGCCAAAATCGACAGGACGGCG,AAACCGCCGTCCTGTCGATTTTGGC,CTTAAACCGGCCAACATACCCGTCTCGCACCGCCAAAATCGACAGGACGGCGGTTTCGAGACGTCGAAAGGAACGAGTAGCAT
CCNE1,GGAGCAGCCCCATCATGCCG,Cell_health,0.5712,GGAGCAGC,CACCGGGAGCAGCCCCATCATGCCG,AAACCGGCATGATGGGGCTGCTCCC,CTTAAACCGGCCAACATACCCGTCTCGCACCGGGAGCAGCCCCATCATGCCGGTTTCGAGACGTCGAAAGGAACGAGTAGCAT
CCNE1,AGGAGATGAAATTCTCACCA,1_tkov3,0.6516,AGGAGATG,CACCGAGGAGATGAAATTCTCACCA,AAACTGGTGAGAATTTCATCTCCTC,CTTAAACCGGCCAACATACCCGTCTCGCACCGAGGAGATGAAATTCTCACCAGTTTCGAGACGTCGAAAGGAACGAGTAGCAT
CDK2,CATGGGTGTAAGTACGAACA,0_brunello_pub,0.6544,CATGGGTG,CACCGCATGGGTGTAAGTACGAACA,AAACTGTTCGTACTTACACCCATGC,CTTAAACCGGCCAACATACCCGTCTCGCACCGCATGGGTGTAAGTACGAACAGTTTCGAGACGTCGAAAGGAACGAGTAGCAT
CDK2,AAGCAGAGAGATCTCTCGGA,Cell_health,0.6282,AAGCAGAG,CACCGAAGCAGAGAGATCTCTCGGA,AAACTCCGAGAGATCTCTCTGCTTC,CTTAAACCGGCCAACATACCCGTCTCGCACCGAAGCAGAGAGATCTCTCGGAGTTTCGAGACGTCGAAAGGAACGAGTAGCAT
CDK2,TCTGAGGTTTAAGGTCTCGG,0_brunello_pub,0.656,TCTGAGGT,CACCGTCTGAGGTTTAAGGTCTCGG,AAACCCGAGACCTTAAACCTCAGAC,CTTAAACCGGCCAACATACCCGTCTCGCACCGTCTGAGGTTTAAGGTCTCGGGTTTCGAGACGTCGAAAGGAACGAGTAGCAT
CDK2,CTTCATGGAGAACTTCCAAA,Cell_health,0.6319,CTTCATGG,CACCGCTTCATGGAGAACTTCCAAA,AAACTTTGGAAGTTCTCCATGAAGC,CTTAAACCGGCCAACATACCCGTCTCGCACCGCTTCATGGAGAACTTCCAAAGTTTCGAGACGTCGAAAGGAACGAGTAGCAT
CSNK1A1,TTGCTCTCGTACAGCAACTG,Cell_health,0.6481,TTGCTCTC,CACCGTTGCTCTCGTACAGCAACTG,AAACCAGTTGCTGTACGAGAGCAAC,CTTAAACCGGCCAACATACCCGTCTCGCACCGTTGCTCTCGTACAGCAACTGGTTTCGAGACGTCGAAAGGAACGAGTAGCAT
CSNK1A1,CGCCAAATAGATGTCCCCGA,Cell_health,0.6415,CGCCAAAT,CACCGCGCCAAATAGATGTCCCCGA,AAACTCGGGGACATCTATTTGGCGC,CTTAAACCGGCCAACATACCCGTCTCGCACCGCGCCAAATAGATGTCCCCGAGTTTCGAGACGTCGAAAGGAACGAGTAGCAT
CSNK1A1,GATCAACATCACCAACGGCG,1_tkov3,0.697,GATCAACA,CACCGGATCAACATCACCAACGGCG,AAACCGCCGTTGGTGATGTTGATCC,CTTAAACCGGCCAACATACCCGTCTCGCACCGGATCAACATCACCAACGGCGGTTTCGAGACGTCGAAAGGAACGAGTAGCAT
CSNK1A1,CCGGGTTCTTACCGTATGTG,0_brunello_pub,0.5632,CCGGGTTC,CACCGCCGGGTTCTTACCGTATGTG,AAACCACATACGGTAAGAACCCGGC,CTTAAACCGGCCAACATACCCGTCTCGCACCGCCGGGTTCTTACCGTATGTGGTTTCGAGACGTCGAAAGGAACGAGTAGCAT
ITGAV,AGGCAATAGAGATTATGCCA,0_brunello_pub,0.66,AGGCAATA,CACCGAGGCAATAGAGATTATGCCA,AAACTGGCATAATCTCTATTGCCTC,CTTAAACCGGCCAACATACCCGTCTCGCACCGAGGCAATAGAGATTATGCCAGTTTCGAGACGTCGAAAGGAACGAGTAGCAT
ITGAV,AACGATGAGCTCAGCTTCGT,0_brunello_pub,0.597,AACGATGA,CACCGAACGATGAGCTCAGCTTCGT,AAACACGAAGCTGAGCTCATCGTTC,CTTAAACCGGCCAACATACCCGTCTCGCACCGAACGATGAGCTCAGCTTCGTGTTTCGAGACGTCGAAAGGAACGAGTAGCAT
ITGAV,AGTGGTTTGGAGCATCTGTG,Cell_health,0.7106,AGTGGTTT,CACCGAGTGGTTTGGAGCATCTGTG,AAACCACAGATGCTCCAAACCACTC,CTTAAACCGGCCAACATACCCGTCTCGCACCGAGTGGTTTGGAGCATCTGTGGTTTCGAGACGTCGAAAGGAACGAGTAGCAT
ITGAV,GGTTTACATAGATTTCCAGG,Cell_health,0.732,GGTTTACA,CACCGGGTTTACATAGATTTCCAGG,AAACCCTGGAAATCTATGTAAACCC,CTTAAACCGGCCAACATACCCGTCTCGCACCGGGTTTACATAGATTTCCAGGGTTTCGAGACGTCGAAAGGAACGAGTAGCAT
KIF11,GACTGAATTACCTTGTTACG,0_brunello_pub,0.6712,GACTGAAT,CACCGGACTGAATTACCTTGTTACG,AAACCGTAACAAGGTAATTCAGTCC,CTTAAACCGGCCAACATACCCGTCTCGCACCGGACTGAATTACCTTGTTACGGTTTCGAGACGTCGAAAGGAACGAGTAGCAT
KIF11,TCTTGTGTAGGAGTATACGG,Cell_health,0.7928,TCTTGTGT,CACCGTCTTGTGTAGGAGTATACGG,AAACCCGTATACTCCTACACAAGAC,CTTAAACCGGCCAACATACCCGTCTCGCACCGTCTTGTGTAGGAGTATACGGGTTTCGAGACGTCGAAAGGAACGAGTAGCAT
KIF11,GCCCTCCAAGAGAATCCTGG,Cell_health,0.7456,GCCCTCCA,CACCGGCCCTCCAAGAGAATCCTGG,AAACCCAGGATTCTCTTGGAGGGCC,CTTAAACCGGCCAACATACCCGTCTCGCACCGGCCCTCCAAGAGAATCCTGGGTTTCGAGACGTCGAAAGGAACGAGTAGCAT
KIF11,CGTGGAATTATACCAGCCAA,1_tkov3,0.691,CGTGGAAT,CACCGCGTGGAATTATACCAGCCAA,AAACTTGGCTGGTATAATTCCACGC,CTTAAACCGGCCAACATACCCGTCTCGCACCGCGTGGAATTATACCAGCCAAGTTTCGAGACGTCGAAAGGAACGAGTAGCAT
MTOR,TGTCACCATGGAACTCCGAG,Cell_health,0.7451,TGTCACCA,CACCGTGTCACCATGGAACTCCGAG,AAACCTCGGAGTTCCATGGTGACAC,CTTAAACCGGCCAACATACCCGTCTCGCACCGTGTCACCATGGAACTCCGAGGTTTCGAGACGTCGAAAGGAACGAGTAGCAT
MTOR,GAGCCGGAATGAGGAAACCA,1_tkov3,0.6812,GAGCCGGA,CACCGGAGCCGGAATGAGGAAACCA,AAACTGGTTTCCTCATTCCGGCTCC,CTTAAACCGGCCAACATACCCGTCTCGCACCGGAGCCGGAATGAGGAAACCAGTTTCGAGACGTCGAAAGGAACGAGTAGCAT
MTOR,TGAGAATCAGACAGGCACGA,1_tkov3,0.6813,TGAGAATC,CACCGTGAGAATCAGACAGGCACGA,AAACTCGTGCCTGTCTGATTCTCAC,CTTAAACCGGCCAACATACCCGTCTCGCACCGTGAGAATCAGACAGGCACGAGTTTCGAGACGTCGAAAGGAACGAGTAGCAT
MTOR,GTAGCACCTCAAGCAAAGTA,Cell_health,0.5527,GTAGCACC,CACCGGTAGCACCTCAAGCAAAGTA,AAACTACTTTGCTTGAGGTGCTACC,CTTAAACCGGCCAACATACCCGTCTCGCACCGGTAGCACCTCAAGCAAAGTAGTTTCGAGACGTCGAAAGGAACGAGTAGCAT
MYC,GCTGCACCGAGTCGTAGTCG,0_brunello_pub,0.6715,GCTGCACC,CACCGGCTGCACCGAGTCGTAGTCG,AAACCGACTACGACTCGGTGCAGCC,CTTAAACCGGCCAACATACCCGTCTCGCACCGGCTGCACCGAGTCGTAGTCGGTTTCGAGACGTCGAAAGGAACGAGTAGCAT
MYC,CTTCGGGGAGACAACGACGG,0_brunello_pub,0.7646,CTTCGGGG,CACCGCTTCGGGGAGACAACGACGG,AAACCCGTCGTTGTCTCCCCGAAGC,CTTAAACCGGCCAACATACCCGTCTCGCACCGCTTCGGGGAGACAACGACGGGTTTCGAGACGTCGAAAGGAACGAGTAGCAT
MYC,TGCGTAGTTGTGCTGATGTG,Cell_health,0.6696,TGCGTAGT,CACCGTGCGTAGTTGTGCTGATGTG,AAACCACATCAGCACAACTACGCAC,CTTAAACCGGCCAACATACCCGTCTCGCACCGTGCGTAGTTGTGCTGATGTGGTTTCGAGACGTCGAAAGGAACGAGTAGCAT
MYC,GCCGTATTTCTACTGCGACG,Cell_health,0.7137,GCCGTATT,CACCGGCCGTATTTCTACTGCGACG,AAACCGTCGCAGTAGAAATACGGCC,CTTAAACCGGCCAACATACCCGTCTCGCACCGGCCGTATTTCTACTGCGACGGTTTCGAGACGTCGAAAGGAACGAGTAGCAT
PIK3CA,GTTCGAACAGGTATCTACCA,0_brunello_pub,0.5682,GTTCGAAC,CACCGGTTCGAACAGGTATCTACCA,AAACTGGTAGATACCTGTTCGAACC,CTTAAACCGGCCAACATACCCGTCTCGCACCGGTTCGAACAGGTATCTACCAGTTTCGAGACGTCGAAAGGAACGAGTAGCAT
PIK3CA,TTATTAATGTAGCCTCACGG,Cell_health,0.7433,TTATTAAT,CACCGTTATTAATGTAGCCTCACGG,AAACCCGTGAGGCTACATTAATAAC,CTTAAACCGGCCAACATACCCGTCTCGCACCGTTATTAATGTAGCCTCACGGGTTTCGAGACGTCGAAAGGAACGAGTAGCAT
PIK3CA,GACTTTAGAATGCCTCCGTG,Cell_health,0.6481,GACTTTAG,CACCGGACTTTAGAATGCCTCCGTG,AAACCACGGAGGCATTCTAAAGTCC,CTTAAACCGGCCAACATACCCGTCTCGCACCGGACTTTAGAATGCCTCCGTGGTTTCGAGACGTCGAAAGGAACGAGTAGCAT
PIK3CA,GGATTTAGCTATTCCCACGC,0_brunello_pub,0.5715,GGATTTAG,CACCGGGATTTAGCTATTCCCACGC,AAACGCGTGGGAATAGCTAAATCCC,CTTAAACCGGCCAACATACCCGTCTCGCACCGGGATTTAGCTATTCCCACGCGTTTCGAGACGTCGAAAGGAACGAGTAGCAT
PIK3R1,AGCGTAAGCCAATACTGATG,0_brunello_pub,0.6424,AGCGTAAG,CACCGAGCGTAAGCCAATACTGATG,AAACCATCAGTATTGGCTTACGCTC,CTTAAACCGGCCAACATACCCGTCTCGCACCGAGCGTAAGCCAATACTGATGGTTTCGAGACGTCGAAAGGAACGAGTAGCAT
PIK3R1,CCTACTACTGTAGCCAACAA,0_brunello_pub,0.5957,CCTACTAC,CACCGCCTACTACTGTAGCCAACAA,AAACTTGTTGGCTACAGTAGTAGGC,CTTAAACCGGCCAACATACCCGTCTCGCACCGCCTACTACTGTAGCCAACAAGTTTCGAGACGTCGAAAGGAACGAGTAGCAT
PIK3R1,TTTCCTAGATACACCCTCCG,0_brunello_pub,0.615,TTTCCTAG,CACCGTTTCCTAGATACACCCTCCG,AAACCGGAGGGTGTATCTAGGAAAC,CTTAAACCGGCCAACATACCCGTCTCGCACCGTTTCCTAGATACACCCTCCGGTTTCGAGACGTCGAAAGGAACGAGTAGCAT
PIK3R1,GGTGCAACAGGAAGAGGCCG,1_tkov3,0.5352,GGTGCAAC,CACCGGGTGCAACAGGAAGAGGCCG,AAACCGGCCTCTTCCTGTTGCACCC,CTTAAACCGGCCAACATACCCGTCTCGCACCGGGTGCAACAGGAAGAGGCCGGTTTCGAGACGTCGAAAGGAACGAGTAGCAT
POLR2D,TAGCACTCACCTACGAACAC,0_brunello_pub,0.5777,TAGCACTC,CACCGTAGCACTCACCTACGAACAC,AAACGTGTTCGTAGGTGAGTGCTAC,CTTAAACCGGCCAACATACCCGTCTCGCACCGTAGCACTCACCTACGAACACGTTTCGAGACGTCGAAAGGAACGAGTAGCAT
POLR2D,TCCGCGGGCTGGCGACGTAG,Cell_health,0.5806,TCCGCGGG,CACCGTCCGCGGGCTGGCGACGTAG,AAACCTACGTCGCCAGCCCGCGGAC,CTTAAACCGGCCAACATACCCGTCTCGCACCGTCCGCGGGCTGGCGACGTAGGTTTCGAGACGTCGAAAGGAACGAGTAGCAT
POLR2D,TCACAGCTCATCTTTCCTAA,0_brunello_pub,0.497,TCACAGCT,CACCGTCACAGCTCATCTTTCCTAA,AAACTTAGGAAAGATGAGCTGTGAC,CTTAAACCGGCCAACATACCCGTCTCGCACCGTCACAGCTCATCTTTCCTAAGTTTCGAGACGTCGAAAGGAACGAGTAGCAT
POLR2D,GCAGCAGAATGAGAGTGCAG,Cell_health,0.6504,GCAGCAGA,CACCGGCAGCAGAATGAGAGTGCAG,AAACCTGCACTCTCATTCTGCTGCC,CTTAAACCGGCCAACATACCCGTCTCGCACCGGCAGCAGAATGAGAGTGCAGGTTTCGAGACGTCGAAAGGAACGAGTAGCAT
PPP1R15B,CCCTCCTCTAGCCAATCAAG,0_brunello_pub,0.628,CCCTCCTC,CACCGCCCTCCTCTAGCCAATCAAG,AAACCTTGATTGGCTAGAGGAGGGC,CTTAAACCGGCCAACATACCCGTCTCGCACCGCCCTCCTCTAGCCAATCAAGGTTTCGAGACGTCGAAAGGAACGAGTAGCAT
PPP1R15B,TAATGGCTACCACAGCCTGG,1_tkov3,0.7556,TAATGGCT,CACCGTAATGGCTACCACAGCCTGG,AAACCCAGGCTGTGGTAGCCATTAC,CTTAAACCGGCCAACATACCCGTCTCGCACCGTAATGGCTACCACAGCCTGGGTTTCGAGACGTCGAAAGGAACGAGTAGCAT
PPP1R15B,ACGCATAGACAATTTCAGTG,0_brunello_pub,0.7002,ACGCATAG,CACCGACGCATAGACAATTTCAGTG,AAACCACTGAAATTGTCTATGCGTC,CTTAAACCGGCCAACATACCCGTCTCGCACCGACGCATAGACAATTTCAGTGGTTTCGAGACGTCGAAAGGAACGAGTAGCAT
PPP1R15B,ATGAGGATCGCAAAGGACCA,1_tkov3,0.5627,ATGAGGAT,CACCGATGAGGATCGCAAAGGACCA,AAACTGGTCCTTTGCGATCCTCATC,CTTAAACCGGCCAACATACCCGTCTCGCACCGATGAGGATCGCAAAGGACCAGTTTCGAGACGTCGAAAGGAACGAGTAGCAT
PSMA1,GCAATGGAAGCTGTTAAACA,1_tkov3,0.619,GCAATGGA,CACCGGCAATGGAAGCTGTTAAACA,AAACTGTTTAACAGCTTCCATTGCC,CTTAAACCGGCCAACATACCCGTCTCGCACCGGCAATGGAAGCTGTTAAACAGTTTCGAGACGTCGAAAGGAACGAGTAGCAT
PSMA1,ATATTGGTATCTCAATTGCG,Cell_health,0.6559,ATATTGGT,CACCGATATTGGTATCTCAATTGCG,AAACCGCAATTGAGATACCAATATC,CTTAAACCGGCCAACATACCCGTCTCGCACCGATATTGGTATCTCAATTGCGGTTTCGAGACGTCGAAAGGAACGAGTAGCAT
PSMA1,GACAGGTTTGGAAAATGTGA,0_brunello_pub,0.6366,GACAGGTT,CACCGGACAGGTTTGGAAAATGTGA,AAACTCACATTTTCCAAACCTGTCC,CTTAAACCGGCCAACATACCCGTCTCGCACCGGACAGGTTTGGAAAATGTGAGTTTCGAGACGTCGAAAGGAACGAGTAGCAT
PSMA1,TGTCACTGTTTGGAGCCCCC,Cell_health,0.6376,TGTCACTG,CACCGTGTCACTGTTTGGAGCCCCC,AAACGGGGGCTCCAAACAGTGACAC,CTTAAACCGGCCAACATACCCGTCTCGCACCGTGTCACTGTTTGGAGCCCCCGTTTCGAGACGTCGAAAGGAACGAGTAGCAT
PSMA7,AGGCATGGTATGTGCCCGAG,0_brunello_pub,0.6679,AGGCATGG,CACCGAGGCATGGTATGTGCCCGAG,AAACCTCGGGCACATACCATGCCTC,CTTAAACCGGCCAACATACCCGTCTCGCACCGAGGCATGGTATGTGCCCGAGGTTTCGAGACGTCGAAAGGAACGAGTAGCAT
PSMA7,CGTCAAGAAGGGCTCGACCG,0_brunello_pub,0.6856,CGTCAAGA,CACCGCGTCAAGAAGGGCTCGACCG,AAACCGGTCGAGCCCTTCTTGACGC,CTTAAACCGGCCAACATACCCGTCTCGCACCGCGTCAAGAAGGGCTCGACCGGTTTCGAGACGTCGAAAGGAACGAGTAGCAT
PSMA7,GATGACTATCCTTGCATCGG,0_brunello_pub,0.6596,GATGACTA,CACCGGATGACTATCCTTGCATCGG,AAACCCGATGCAAGGATAGTCATCC,CTTAAACCGGCCAACATACCCGTCTCGCACCGGATGACTATCCTTGCATCGGGTTTCGAGACGTCGAAAGGAACGAGTAGCAT
PSMA7,AAAGTCGAAACCCACGATGA,0_brunello_pub,0.6372,AAAGTCGA,CACCGAAAGTCGAAACCCACGATGA,AAACTCATCGTGGGTTTCGACTTTC,CTTAAACCGGCCAACATACCCGTCTCGCACCGAAAGTCGAAACCCACGATGAGTTTCGAGACGTCGAAAGGAACGAGTAGCAT
PTEN,ATTCTTCATACCAGGACCAG,0_brunello_pub,0.6861,ATTCTTCA,CACCGATTCTTCATACCAGGACCAG,AAACCTGGTCCTGGTATGAAGAATC,CTTAAACCGGCCAACATACCCGTCTCGCACCGATTCTTCATACCAGGACCAGGTTTCGAGACGTCGAAAGGAACGAGTAGCAT
PTEN,TCATCTGGATTATAGACCAG,1_tkov3,0.6904,TCATCTGG,CACCGTCATCTGGATTATAGACCAG,AAACCTGGTCTATAATCCAGATGAC,CTTAAACCGGCCAACATACCCGTCTCGCACCGTCATCTGGATTATAGACCAGGTTTCGAGACGTCGAAAGGAACGAGTAGCAT
PTEN,ACCGCCAAATTTAATTGCAG,1_tkov3,0.5887,ACCGCCAA,CACCGACCGCCAAATTTAATTGCAG,AAACCTGCAATTAAATTTGGCGGTC,CTTAAACCGGCCAACATACCCGTCTCGCACCGACCGCCAAATTTAATTGCAGGTTTCGAGACGTCGAAAGGAACGAGTAGCAT
PTEN,AGCTGGCAGACCACAAACTG,0_brunello_pub,0.6699,AGCTGGCA,CACCGAGCTGGCAGACCACAAACTG,AAACCAGTTTGTGGTCTGCCAGCTC,CTTAAACCGGCCAACATACCCGTCTCGCACCGAGCTGGCAGACCACAAACTGGTTTCGAGACGTCGAAAGGAACGAGTAGCAT
PTK2,ACTTAAAGCTCAGCTCAGGT,0_brunello_pub,0.6216,ACTTAAAG,CACCGACTTAAAGCTCAGCTCAGGT,AAACACCTGAGCTGAGCTTTAAGTC,CTTAAACCGGCCAACATACCCGTCTCGCACCGACTTAAAGCTCAGCTCAGGTGTTTCGAGACGTCGAAAGGAACGAGTAGCAT
PTK2,GCAATAGTGAGCCAACCACC,1_tkov3,0.6068,GCAATAGT,CACCGGCAATAGTGAGCCAACCACC,AAACGGTGGTTGGCTCACTATTGCC,CTTAAACCGGCCAACATACCCGTCTCGCACCGGCAATAGTGAGCCAACCACCGTTTCGAGACGTCGAAAGGAACGAGTAGCAT
PTK2,CGATCATACTGGGAGATGCG,Cell_health,0.6773,CGATCATA,CACCGCGATCATACTGGGAGATGCG,AAACCGCATCTCCCAGTATGATCGC,CTTAAACCGGCCAACATACCCGTCTCGCACCGCGATCATACTGGGAGATGCGGTTTCGAGACGTCGAAAGGAACGAGTAGCAT
PTK2,ATATGGCTGACCTAATAGAT,Cell_health,0.5193,ATATGGCT,CACCGATATGGCTGACCTAATAGAT,AAACATCTATTAGGTCAGCCATATC,CTTAAACCGGCCAACATACCCGTCTCGCACCGATATGGCTGACCTAATAGATGTTTCGAGACGTCGAAAGGAACGAGTAGCAT
RHEB,CCGGCCACTCACCCACAGAC,0_brunello_pub,0.5625,CCGGCCAC,CACCGCCGGCCACTCACCCACAGAC,AAACGTCTGTGGGTGAGTGGCCGGC,CTTAAACCGGCCAACATACCCGTCTCGCACCGCCGGCCACTCACCCACAGACGTTTCGAGACGTCGAAAGGAACGAGTAGCAT
RHEB,CTTCAACTTGTAGACACAGC,0_brunello_pub,0.5855,CTTCAACT,CACCGCTTCAACTTGTAGACACAGC,AAACGCTGTGTCTACAAGTTGAAGC,CTTAAACCGGCCAACATACCCGTCTCGCACCGCTTCAACTTGTAGACACAGCGTTTCGAGACGTCGAAAGGAACGAGTAGCAT
RHEB,GCAAATTGTTGGATATGGTG,0_brunello_pub,0.6358,GCAAATTG,CACCGGCAAATTGTTGGATATGGTG,AAACCACCATATCCAACAATTTGCC,CTTAAACCGGCCAACATACCCGTCTCGCACCGGCAAATTGTTGGATATGGTGGTTTCGAGACGTCGAAAGGAACGAGTAGCAT
RHEB,GATCGTAGGAGTCCACAAAT,1_tkov3,0.4864,GATCGTAG,CACCGGATCGTAGGAGTCCACAAAT,AAACATTTGTGGACTCCTACGATCC,CTTAAACCGGCCAACATACCCGTCTCGCACCGGATCGTAGGAGTCCACAAATGTTTCGAGACGTCGAAAGGAACGAGTAGCAT
RICTOR,TGACATACAACAGAGCAACG,1_tkov3,0.7794,TGACATAC,CACCGTGACATACAACAGAGCAACG,AAACCGTTGCTCTGTTGTATGTCAC,CTTAAACCGGCCAACATACCCGTCTCGCACCGTGACATACAACAGAGCAACGGTTTCGAGACGTCGAAAGGAACGAGTAGCAT
RICTOR,TGTATAGGCAGGTAGACGTG,0_brunello_pub,0.6911,TGTATAGG,CACCGTGTATAGGCAGGTAGACGTG,AAACCACGTCTACCTGCCTATACAC,CTTAAACCGGCCAACATACCCGTCTCGCACCGTGTATAGGCAGGTAGACGTGGTTTCGAGACGTCGAAAGGAACGAGTAGCAT
RICTOR,GGCATAGTCGCAAACATCTG,0_brunello_pub,0.6433,GGCATAGT,CACCGGGCATAGTCGCAAACATCTG,AAACCAGATGTTTGCGACTATGCCC,CTTAAACCGGCCAACATACCCGTCTCGCACCGGGCATAGTCGCAAACATCTGGTTTCGAGACGTCGAAAGGAACGAGTAGCAT
RICTOR,GTCCCGCTGGATCTGACCCG,1_tkov3,0.6254,GTCCCGCT,CACCGGTCCCGCTGGATCTGACCCG,AAACCGGGTCAGATCCAGCGGGACC,CTTAAACCGGCCAACATACCCGTCTCGCACCGGTCCCGCTGGATCTGACCCGGTTTCGAGACGTCGAAAGGAACGAGTAGCAT
RPTOR,CTTACGTCGCAACGCCAAGG,0_brunello_pub,0.6573,CTTACGTC,CACCGCTTACGTCGCAACGCCAAGG,AAACCCTTGGCGTTGCGACGTAAGC,CTTAAACCGGCCAACATACCCGTCTCGCACCGCTTACGTCGCAACGCCAAGGGTTTCGAGACGTCGAAAGGAACGAGTAGCAT
RPTOR,CACATGGCGTGCATGTACGT,0_brunello_pub,0.6509,CACATGGC,CACCGCACATGGCGTGCATGTACGT,AAACACGTACATGCACGCCATGTGC,CTTAAACCGGCCAACATACCCGTCTCGCACCGCACATGGCGTGCATGTACGTGTTTCGAGACGTCGAAAGGAACGAGTAGCAT
RPTOR,TCAAGCAGTTCGCACTACAG,1_tkov3,0.6139,TCAAGCAG,CACCGTCAAGCAGTTCGCACTACAG,AAACCTGTAGTGCGAACTGCTTGAC,CTTAAACCGGCCAACATACCCGTCTCGCACCGTCAAGCAGTTCGCACTACAGGTTTCGAGACGTCGAAAGGAACGAGTAGCAT
RPTOR,GATCTGGCAGAACTTCGACT,0_brunello_pub,0.7148,GATCTGGC,CACCGGATCTGGCAGAACTTCGACT,AAACAGTCGAAGTTCTGCCAGATCC,CTTAAACCGGCCAACATACCCGTCTCGCACCGGATCTGGCAGAACTTCGACTGTTTCGAGACGTCGAAAGGAACGAGTAGCAT
SUZ12,GCTTCGGGCGGCAAATCCGG,Cell_health,0.5652,GCTTCGGG,CACCGGCTTCGGGCGGCAAATCCGG,AAACCCGGATTTGCCGCCCGAAGCC,CTTAAACCGGCCAACATACCCGTCTCGCACCGGCTTCGGGCGGCAAATCCGGGTTTCGAGACGTCGAAAGGAACGAGTAGCAT
SUZ12,ATGGCGCCTCAGAAGCACGG,Cell_health,0.7906,ATGGCGCC,CACCGATGGCGCCTCAGAAGCACGG,AAACCCGTGCTTCTGAGGCGCCATC,CTTAAACCGGCCAACATACCCGTCTCGCACCGATGGCGCCTCAGAAGCACGGGTTTCGAGACGTCGAAAGGAACGAGTAGCAT
SUZ12,GGATTTGCTTTTAGTCGCAA,2_brunello_dump,0.5937,GGATTTGC,CACCGGGATTTGCTTTTAGTCGCAA,AAACTTGCGACTAAAAGCAAATCCC,CTTAAACCGGCCAACATACCCGTCTCGCACCGGGATTTGCTTTTAGTCGCAAGTTTCGAGACGTCGAAAGGAACGAGTAGCAT
SUZ12,GGAGACTATTCTTGATGGGA,0_brunello_pub,0.5559,GGAGACTA,CACCGGGAGACTATTCTTGATGGGA,AAACTCCCATCAAGAATAGTCTCCC,CTTAAACCGGCCAACATACCCGTCTCGCACCGGGAGACTATTCTTGATGGGAGTTTCGAGACGTCGAAAGGAACGAGTAGCAT
TOMM20,CATCGCCGCCGGTGTATGCG,0_brunello_pub,0.4877,CATCGCCG,CACCGCATCGCCGCCGGTGTATGCG,AAACCGCATACACCGGCGGCGATGC,CTTAAACCGGCCAACATACCCGTCTCGCACCGCATCGCCGCCGGTGTATGCGGTTTCGAGACGTCGAAAGGAACGAGTAGCAT
TOMM20,TTGTAGAGAAGATGGTGGGT,1_tkov3,0.6556,TTGTAGAG,CACCGTTGTAGAGAAGATGGTGGGT,AAACACCCACCATCTTCTCTACAAC,CTTAAACCGGCCAACATACCCGTCTCGCACCGTTGTAGAGAAGATGGTGGGTGTTTCGAGACGTCGAAAGGAACGAGTAGCAT
TOMM20,GGAGAGAGCTGGGCTTTCCA,0_brunello_pub,0.5711,GGAGAGAG,CACCGGGAGAGAGCTGGGCTTTCCA,AAACTGGAAAGCCCAGCTCTCTCCC,CTTAAACCGGCCAACATACCCGTCTCGCACCGGGAGAGAGCTGGGCTTTCCAGTTTCGAGACGTCGAAAGGAACGAGTAGCAT
TOMM20,CGGAACAGCGCCATCGCCGC,1_tkov3,0.4839,CGGAACAG,CACCGCGGAACAGCGCCATCGCCGC,AAACGCGGCGATGGCGCTGTTCCGC,CTTAAACCGGCCAACATACCCGTCTCGCACCGCGGAACAGCGCCATCGCCGCGTTTCGAGACGTCGAAAGGAACGAGTAGCAT
TSC2,CCTCTACAGGAACTTTGCCG,0_brunello_pub,0.6928,CCTCTACA,CACCGCCTCTACAGGAACTTTGCCG,AAACCGGCAAAGTTCCTGTAGAGGC,CTTAAACCGGCCAACATACCCGTCTCGCACCGCCTCTACAGGAACTTTGCCGGTTTCGAGACGTCGAAAGGAACGAGTAGCAT
TSC2,TCCTTGCGATGTACTCGTCG,0_brunello_pub,0.6899,TCCTTGCG,CACCGTCCTTGCGATGTACTCGTCG,AAACCGACGAGTACATCGCAAGGAC,CTTAAACCGGCCAACATACCCGTCTCGCACCGTCCTTGCGATGTACTCGTCGGTTTCGAGACGTCGAAAGGAACGAGTAGCAT
TSC2,CATGGCATGTCCGAACGAGG,0_brunello_pub,0.6551,CATGGCAT,CACCGCATGGCATGTCCGAACGAGG,AAACCCTCGTTCGGACATGCCATGC,CTTAAACCGGCCAACATACCCGTCTCGCACCGCATGGCATGTCCGAACGAGGGTTTCGAGACGTCGAAAGGAACGAGTAGCAT
TSC2,CAGCATCTCATACACACGCG,0_brunello_pub,0.7038,CAGCATCT,CACCGCAGCATCTCATACACACGCG,AAACCGCGTGTGTATGAGATGCTGC,CTTAAACCGGCCAACATACCCGTCTCGCACCGCAGCATCTCATACACACGCGGTTTCGAGACGTCGAAAGGAACGAGTAGCAT
Chr2,ACCACACGGAGTTACCATGG,Cell_health - control,,ACCACACG,CACCGACCACACGGAGTTACCATGG,AAACCCATGGTAACTCCGTGTGGTC,TGAGCCTTATGATTTCCCGTCGTCTCGCACCGACCACACGGAGTTACCATGGGTTTCGAGACGGCTCATTCAGGAAAACGGAC
Chr2,GAAACACTTTGTGTACAAGG,Cell_health - control,,GAAACACT,CACCGGAAACACTTTGTGTACAAGG,AAACCCTTGTACACAAAGTGTTTCC,TGAGCCTTATGATTTCCCGTCGTCTCGCACCGGAAACACTTTGTGTACAAGGGTTTCGAGACGGCTCATTCAGGAAAACGGAC
Chr2,GAATGGAATTGCTATCACAG,Cell_health - control,,GAATGGAA,CACCGGAATGGAATTGCTATCACAG,AAACCTGTGATAGCAATTCCATTCC,TGAGCCTTATGATTTCCCGTCGTCTCGCACCGGAATGGAATTGCTATCACAGGTTTCGAGACGGCTCATTCAGGAAAACGGAC
MAP4K1-ACTN4,GATGGATCCAGTGACAGCAG,Cell_health - control,,GATGGATC,CACCGGATGGATCCAGTGACAGCAG,AAACCTGCTGTCACTGGATCCATCC,TGAGCCTTATGATTTCCCGTCGTCTCGCACCGGATGGATCCAGTGACAGCAGGTTTCGAGACGGCTCATTCAGGAAAACGGAC
Chr2,GCAGTGCTAACCTTGCATTG,Cell_health - control,,GCAGTGCT,CACCGGCAGTGCTAACCTTGCATTG,AAACCAATGCAAGGTTAGCACTGCC,TGAGCCTTATGATTTCCCGTCGTCTCGCACCGGCAGTGCTAACCTTGCATTGGTTTCGAGACGGCTCATTCAGGAAAACGGAC
Tsai-HEK293-4,GGCACTGCGGCTGGAGGTGG,Cell_health - control,,GGCACTGC,CACCGGGCACTGCGGCTGGAGGTGG,AAACCCACCTCCAGCCGCAGTGCCC,TGAGCCTTATGATTTCCCGTCGTCTCGCACCGGGCACTGCGGCTGGAGGTGGGTTTCGAGACGGCTCATTCAGGAAAACGGAC
CDK4-CYP27B1-2F,GTGCTAAGAAAGCGGCACTA,Cell_health - control,,GTGCTAAG,CACCGGTGCTAAGAAAGCGGCACTA,AAACTAGTGCCGCTTTCTTAGCACC,TGAGCCTTATGATTTCCCGTCGTCTCGCACCGGTGCTAAGAAAGCGGCACTAGTTTCGAGACGGCTCATTCAGGAAAACGGAC
Chr2,TCAGGTTGGTCATACAATTG,GPP - control,0.5166,TCAGGTTG,CACCGTCAGGTTGGTCATACAATTG,AAACCAATTGTATGACCAACCTGAC,TGAGCCTTATGATTTCCCGTCGTCTCGCACCGTCAGGTTGGTCATACAATTGGTTTCGAGACGGCTCATTCAGGAAAACGGAC
Chr2,ACATGGACGTGCTCTTAAGC,GPP - control,0.533,ACATGGAC,CACCGACATGGACGTGCTCTTAAGC,AAACGCTTAAGAGCACGTCCATGTC,TGAGCCTTATGATTTCCCGTCGTCTCGCACCGACATGGACGTGCTCTTAAGCGTTTCGAGACGGCTCATTCAGGAAAACGGAC
Chr2,AGAGTTAGAGAGCGCTTCGT,GPP - control,0.5002,AGAGTTAG,CACCGAGAGTTAGAGAGCGCTTCGT,AAACACGAAGCGCTCTCTAACTCTC,TGAGCCTTATGATTTCCCGTCGTCTCGCACCGAGAGTTAGAGAGCGCTTCGTGTTTCGAGACGGCTCATTCAGGAAAACGGAC
Chr2,GAAAACACTTTGTGCGCATA,GPP - control,0.5276,GAAAACAC,CACCGGAAAACACTTTGTGCGCATA,AAACTATGCGCACAAAGTGTTTTCC,TGAGCCTTATGATTTCCCGTCGTCTCGCACCGGAAAACACTTTGTGCGCATAGTTTCGAGACGGCTCATTCAGGAAAACGGAC
Chr2,CAGGGGATACGTGTTCCGGT,GPP - control,0.5426,CAGGGGAT,CACCGCAGGGGATACGTGTTCCGGT,AAACACCGGAACACGTATCCCCTGC,TGAGCCTTATGATTTCCCGTCGTCTCGCACCGCAGGGGATACGTGTTCCGGTGTTTCGAGACGGCTCATTCAGGAAAACGGAC
G3BP2,CAACGACCTAGAGAACGACC,0_brunello_pub,,CAACGACC,CACCGCAACGACCTAGAGAACGACC,AAACGGTCGTTCTCTAGGTCGTTGC,CTTAAACCGGCCAACATACCCGTCTCGCACCGCAACGACCTAGAGAACGACCGTTTCGAGACGTCGAAAGGAACGAGTAGCAT
G3BP2,AAAGCCGATTATGTTTCGAG,2_brunello_dump,,AAAGCCGA,CACCGAAAGCCGATTATGTTTCGAG,AAACCTCGAAACATAATCGGCTTTC,CTTAAACCGGCCAACATACCCGTCTCGCACCGAAAGCCGATTATGTTTCGAGGTTTCGAGACGTCGAAAGGAACGAGTAGCAT
G3BP2,GATATTAGGCGCAATGATCG,2_brunello_dump,,GATATTAG,CACCGGATATTAGGCGCAATGATCG,AAACCGATCATTGCGCCTAATATCC,CTTAAACCGGCCAACATACCCGTCTCGCACCGGATATTAGGCGCAATGATCGGTTTCGAGACGTCGAAAGGAACGAGTAGCAT
G3BP2,AAGCTCCGGAATATTTACAC,0_brunello_pub,,AAGCTCCG,CACCGAAGCTCCGGAATATTTACAC,AAACGTGTAAATATTCCGGAGCTTC,CTTAAACCGGCCAACATACCCGTCTCGCACCGAAGCTCCGGAATATTTACACGTTTCGAGACGTCGAAAGGAACGAGTAGCAT
IKBKB,GCCATGGAGTACTGCCAAGG,0_brunello_pub,,GCCATGGA,CACCGGCCATGGAGTACTGCCAAGG,AAACCCTTGGCAGTACTCCATGGCC,CTTAAACCGGCCAACATACCCGTCTCGCACCGGCCATGGAGTACTGCCAAGGGTTTCGAGACGTCGAAAGGAACGAGTAGCAT
IKBKB,TGAGGGCCACACATTGGACA,0_brunello_pub,,TGAGGGCC,CACCGTGAGGGCCACACATTGGACA,AAACTGTCCAATGTGTGGCCCTCAC,CTTAAACCGGCCAACATACCCGTCTCGCACCGTGAGGGCCACACATTGGACAGTTTCGAGACGTCGAAAGGAACGAGTAGCAT
IKBKB,TTTGCAGGCATTCAAAAGTG,0_brunello_pub,,TTTGCAGG,CACCGTTTGCAGGCATTCAAAAGTG,AAACCACTTTTGAATGCCTGCAAAC,CTTAAACCGGCCAACATACCCGTCTCGCACCGTTTGCAGGCATTCAAAAGTGGTTTCGAGACGTCGAAAGGAACGAGTAGCAT
IKBKB,GCTGGTTCATATCTTGAACA,0_brunello_pub,,GCTGGTTC,CACCGGCTGGTTCATATCTTGAACA,AAACTGTTCAAGATATGAACCAGCC,CTTAAACCGGCCAACATACCCGTCTCGCACCGGCTGGTTCATATCTTGAACAGTTTCGAGACGTCGAAAGGAACGAGTAGCAT
IL1R1,ATGAAGATGACCCAGTGCTA,1_tkov3,,ATGAAGAT,CACCGATGAAGATGACCCAGTGCTA,AAACTAGCACTGGGTCATCTTCATC,CTTAAACCGGCCAACATACCCGTCTCGCACCGATGAAGATGACCCAGTGCTAGTTTCGAGACGTCGAAAGGAACGAGTAGCAT
IL1R1,CAAGCAATATCCTATTACCC,0_brunello_pub,,CAAGCAAT,CACCGCAAGCAATATCCTATTACCC,AAACGGGTAATAGGATATTGCTTGC,CTTAAACCGGCCAACATACCCGTCTCGCACCGCAAGCAATATCCTATTACCCGTTTCGAGACGTCGAAAGGAACGAGTAGCAT
IL1R1,AATAGTCTTCCCCTAGCACT,0_brunello_pub,,AATAGTCT,CACCGAATAGTCTTCCCCTAGCACT,AAACAGTGCTAGGGGAAGACTATTC,CTTAAACCGGCCAACATACCCGTCTCGCACCGAATAGTCTTCCCCTAGCACTGTTTCGAGACGTCGAAAGGAACGAGTAGCAT
IL1R1,TATGGAAGGGATGACTACGT,1_tkov3,,TATGGAAG,CACCGTATGGAAGGGATGACTACGT,AAACACGTAGTCATCCCTTCCATAC,CTTAAACCGGCCAACATACCCGTCTCGCACCGTATGGAAGGGATGACTACGTGTTTCGAGACGTCGAAAGGAACGAGTAGCAT
LAMP2,CTTGGTAAAATTCGCAATCC,0_brunello_pub,,CTTGGTAA,CACCGCTTGGTAAAATTCGCAATCC,AAACGGATTGCGAATTTTACCAAGC,CTTAAACCGGCCAACATACCCGTCTCGCACCGCTTGGTAAAATTCGCAATCCGTTTCGAGACGTCGAAAGGAACGAGTAGCAT
LAMP2,GCTGCAGCTGAACATCACTC,1_tkov3,,GCTGCAGC,CACCGGCTGCAGCTGAACATCACTC,AAACGAGTGATGTTCAGCTGCAGCC,CTTAAACCGGCCAACATACCCGTCTCGCACCGGCTGCAGCTGAACATCACTCGTTTCGAGACGTCGAAAGGAACGAGTAGCAT
LAMP2,CATTATATGTCACAGTGCCA,0_brunello_pub,,CATTATAT,CACCGCATTATATGTCACAGTGCCA,AAACTGGCACTGTGACATATAATGC,CTTAAACCGGCCAACATACCCGTCTCGCACCGCATTATATGTCACAGTGCCAGTTTCGAGACGTCGAAAGGAACGAGTAGCAT
LAMP2,CTGTGGAGTGAGTTGTATTG,0_brunello_pub,,CTGTGGAG,CACCGCTGTGGAGTGAGTTGTATTG,AAACCAATACAACTCACTCCACAGC,CTTAAACCGGCCAACATACCCGTCTCGCACCGCTGTGGAGTGAGTTGTATTGGTTTCGAGACGTCGAAAGGAACGAGTAGCAT
LAMP3,GATTGTTCAAGACAAGGAGT,0_brunello_pub,,GATTGTTC,CACCGGATTGTTCAAGACAAGGAGT,AAACACTCCTTGTCTTGAACAATCC,CTTAAACCGGCCAACATACCCGTCTCGCACCGGATTGTTCAAGACAAGGAGTGTTTCGAGACGTCGAAAGGAACGAGTAGCAT
LAMP3,GTGAATAAGGGGCTAAGCTA,0_brunello_pub,,GTGAATAA,CACCGGTGAATAAGGGGCTAAGCTA,AAACTAGCTTAGCCCCTTATTCACC,CTTAAACCGGCCAACATACCCGTCTCGCACCGGTGAATAAGGGGCTAAGCTAGTTTCGAGACGTCGAAAGGAACGAGTAGCAT
LAMP3,TCGGGTGCCACAGTTCCCAG,1_tkov3,,TCGGGTGC,CACCGTCGGGTGCCACAGTTCCCAG,AAACCTGGGAACTGTGGCACCCGAC,CTTAAACCGGCCAACATACCCGTCTCGCACCGTCGGGTGCCACAGTTCCCAGGTTTCGAGACGTCGAAAGGAACGAGTAGCAT
LAMP3,CAGCCCAATTACCTACACCC,0_brunello_pub,,CAGCCCAA,CACCGCAGCCCAATTACCTACACCC,AAACGGGTGTAGGTAATTGGGCTGC,CTTAAACCGGCCAACATACCCGTCTCGCACCGCAGCCCAATTACCTACACCCGTTTCGAGACGTCGAAAGGAACGAGTAGCAT
MYD88,AATGCGACCCGACCGCGCTG,1_tkov3,,AATGCGAC,CACCGAATGCGACCCGACCGCGCTG,AAACCAGCGCGGTCGGGTCGCATTC,CTTAAACCGGCCAACATACCCGTCTCGCACCGAATGCGACCCGACCGCGCTGGTTTCGAGACGTCGAAAGGAACGAGTAGCAT
MYD88,CTGCTCTCAACATGCGAGTG,0_brunello_pub,,CTGCTCTC,CACCGCTGCTCTCAACATGCGAGTG,AAACCACTCGCATGTTGAGAGCAGC,CTTAAACCGGCCAACATACCCGTCTCGCACCGCTGCTCTCAACATGCGAGTGGTTTCGAGACGTCGAAAGGAACGAGTAGCAT
MYD88,AAACGCTCAGGCATATGCCC,1_tkov3,,AAACGCTC,CACCGAAACGCTCAGGCATATGCCC,AAACGGGCATATGCCTGAGCGTTTC,CTTAAACCGGCCAACATACCCGTCTCGCACCGAAACGCTCAGGCATATGCCCGTTTCGAGACGTCGAAAGGAACGAGTAGCAT
MYD88,CTCGAGCAGTCGGCCTACAG,0_brunello_pub,,CTCGAGCA,CACCGCTCGAGCAGTCGGCCTACAG,AAACCTGTAGGCCGACTGCTCGAGC,CTTAAACCGGCCAACATACCCGTCTCGCACCGCTCGAGCAGTCGGCCTACAGGTTTCGAGACGTCGAAAGGAACGAGTAGCAT
NCL,AACGACCACCTTCTTTGCTG,1_tkov3,,AACGACCA,CACCGAACGACCACCTTCTTTGCTG,AAACCAGCAAAGAAGGTGGTCGTTC,CTTAAACCGGCCAACATACCCGTCTCGCACCGAACGACCACCTTCTTTGCTGGTTTCGAGACGTCGAAAGGAACGAGTAGCAT
NCL,AAGAGATTGAAAGCCGTAGT,0_brunello_pub,,AAGAGATT,CACCGAAGAGATTGAAAGCCGTAGT,AAACACTACGGCTTTCAATCTCTTC,CTTAAACCGGCCAACATACCCGTCTCGCACCGAAGAGATTGAAAGCCGTAGTGTTTCGAGACGTCGAAAGGAACGAGTAGCAT
NCL,GGAGATCAGATTAGTCAGCA,0_brunello_pub,,GGAGATCA,CACCGGGAGATCAGATTAGTCAGCA,AAACTGCTGACTAATCTGATCTCCC,CTTAAACCGGCCAACATACCCGTCTCGCACCGGGAGATCAGATTAGTCAGCAGTTTCGAGACGTCGAAAGGAACGAGTAGCAT
NCL,TGAAGACCTGGAGAAAGCGT,1_tkov3,,TGAAGACC,CACCGTGAAGACCTGGAGAAAGCGT,AAACACGCTTTCTCCAGGTCTTCAC,CTTAAACCGGCCAACATACCCGTCTCGCACCGTGAAGACCTGGAGAAAGCGTGTTTCGAGACGTCGAAAGGAACGAGTAGCAT
NPM1,TTCAACCTTAAGACCACTGG,0_brunello_pub,,TTCAACCT,CACCGTTCAACCTTAAGACCACTGG,AAACCCAGTGGTCTTAAGGTTGAAC,CTTAAACCGGCCAACATACCCGTCTCGCACCGTTCAACCTTAAGACCACTGGGTTTCGAGACGTCGAAAGGAACGAGTAGCAT
NPM1,TTGTTCACAGGTCAGTTTAG,0_brunello_pub,,TTGTTCAC,CACCGTTGTTCACAGGTCAGTTTAG,AAACCTAAACTGACCTGTGAACAAC,CTTAAACCGGCCAACATACCCGTCTCGCACCGTTGTTCACAGGTCAGTTTAGGTTTCGAGACGTCGAAAGGAACGAGTAGCAT
NPM1,GTGGTCTTAAGGTTGAAGTG,2_brunello_dump,,GTGGTCTT,CACCGGTGGTCTTAAGGTTGAAGTG,AAACCACTTCAACCTTAAGACCACC,CTTAAACCGGCCAACATACCCGTCTCGCACCGGTGGTCTTAAGGTTGAAGTGGTTTCGAGACGTCGAAAGGAACGAGTAGCAT
NPM1,CTTCCGGATGACTGACCAAG,2_brunello_dump,,CTTCCGGA,CACCGCTTCCGGATGACTGACCAAG,AAACCTTGGTCAGTCATCCGGAAGC,CTTAAACCGGCCAACATACCCGTCTCGCACCGCTTCCGGATGACTGACCAAGGTTTCGAGACGTCGAAAGGAACGAGTAGCAT
PEX13,TGCTGAACAAATCTACTGGG,0_brunello_pub,,TGCTGAAC,CACCGTGCTGAACAAATCTACTGGG,AAACCCCAGTAGATTTGTTCAGCAC,CTTAAACCGGCCAACATACCCGTCTCGCACCGTGCTGAACAAATCTACTGGGGTTTCGAGACGTCGAAAGGAACGAGTAGCAT
PEX13,GAAGAAATTTCTTTCCGGGC,1_tkov3,,GAAGAAAT,CACCGGAAGAAATTTCTTTCCGGGC,AAACGCCCGGAAAGAAATTTCTTCC,CTTAAACCGGCCAACATACCCGTCTCGCACCGGAAGAAATTTCTTTCCGGGCGTTTCGAGACGTCGAAAGGAACGAGTAGCAT
PEX13,AAATGAGGTAAGGACCACCA,0_brunello_pub,,AAATGAGG,CACCGAAATGAGGTAAGGACCACCA,AAACTGGTGGTCCTTACCTCATTTC,CTTAAACCGGCCAACATACCCGTCTCGCACCGAAATGAGGTAAGGACCACCAGTTTCGAGACGTCGAAAGGAACGAGTAGCAT
PEX13,ATCTTTACAGACGGCTACAG,0_brunello_pub,,ATCTTTAC,CACCGATCTTTACAGACGGCTACAG,AAACCTGTAGCCGTCTGTAAAGATC,CTTAAACCGGCCAACATACCCGTCTCGCACCGATCTTTACAGACGGCTACAGGTTTCGAGACGTCGAAAGGAACGAGTAGCAT
PEX14,CTCTTCATCTGTCAGCCCTG,0_brunello_pub,,CTCTTCAT,CACCGCTCTTCATCTGTCAGCCCTG,AAACCAGGGCTGACAGATGAAGAGC,CTTAAACCGGCCAACATACCCGTCTCGCACCGCTCTTCATCTGTCAGCCCTGGTTTCGAGACGTCGAAAGGAACGAGTAGCAT
PEX14,GGCTGAGATATGAGGTGAGG,2_brunello_dump,,GGCTGAGA,CACCGGGCTGAGATATGAGGTGAGG,AAACCCTCACCTCATATCTCAGCCC,CTTAAACCGGCCAACATACCCGTCTCGCACCGGGCTGAGATATGAGGTGAGGGTTTCGAGACGTCGAAAGGAACGAGTAGCAT
PEX14,GAAGTTTCTACAGAATTCCC,2_brunello_dump,,GAAGTTTC,CACCGGAAGTTTCTACAGAATTCCC,AAACGGGAATTCTGTAGAAACTTCC,CTTAAACCGGCCAACATACCCGTCTCGCACCGGAAGTTTCTACAGAATTCCCGTTTCGAGACGTCGAAAGGAACGAGTAGCAT
PEX14,GACGTGGACTCGTTGCTGAC,2_brunello_dump,,GACGTGGA,CACCGGACGTGGACTCGTTGCTGAC,AAACGTCAGCAACGAGTCCACGTCC,CTTAAACCGGCCAACATACCCGTCTCGCACCGGACGTGGACTCGTTGCTGACGTTTCGAGACGTCGAAAGGAACGAGTAGCAT
PEX16,TCACGTACTCCTGGTAGCGG,1_tkov3,,TCACGTAC,CACCGTCACGTACTCCTGGTAGCGG,AAACCCGCTACCAGGAGTACGTGAC,CTTAAACCGGCCAACATACCCGTCTCGCACCGTCACGTACTCCTGGTAGCGGGTTTCGAGACGTCGAAAGGAACGAGTAGCAT
PEX16,CTAGATGGTGACCACAGCCC,1_tkov3,,CTAGATGG,CACCGCTAGATGGTGACCACAGCCC,AAACGGGCTGTGGTCACCATCTAGC,CTTAAACCGGCCAACATACCCGTCTCGCACCGCTAGATGGTGACCACAGCCCGTTTCGAGACGTCGAAAGGAACGAGTAGCAT
PEX16,CGAGGGCGATGACAAGCCAG,0_brunello_pub,,CGAGGGCG,CACCGCGAGGGCGATGACAAGCCAG,AAACCTGGCTTGTCATCGCCCTCGC,CTTAAACCGGCCAACATACCCGTCTCGCACCGCGAGGGCGATGACAAGCCAGGTTTCGAGACGTCGAAAGGAACGAGTAGCAT
PEX16,GGGGAAGCGGTCAAACCGGG,0_brunello_pub,,GGGGAAGC,CACCGGGGGAAGCGGTCAAACCGGG,AAACCCCGGTTTGACCGCTTCCCCC,CTTAAACCGGCCAACATACCCGTCTCGCACCGGGGGAAGCGGTCAAACCGGGGTTTCGAGACGTCGAAAGGAACGAGTAGCAT
RBP1,CCGGAAATGAGCGCCCTCCG,0_brunello_pub,,CCGGAAAT,CACCGCCGGAAATGAGCGCCCTCCG,AAACCGGAGGGCGCTCATTTCCGGC,CTTAAACCGGCCAACATACCCGTCTCGCACCGCCGGAAATGAGCGCCCTCCGGTTTCGAGACGTCGAAAGGAACGAGTAGCAT
RBP1,GTTGGTCAACGAGAATTTCG,0_brunello_pub,,GTTGGTCA,CACCGGTTGGTCAACGAGAATTTCG,AAACCGAAATTCTCGTTGACCAACC,CTTAAACCGGCCAACATACCCGTCTCGCACCGGTTGGTCAACGAGAATTTCGGTTTCGAGACGTCGAAAGGAACGAGTAGCAT
RBP1,CCCCACCGCAGACGTCAATG,0_brunello_pub,,CCCCACCG,CACCGCCCCACCGCAGACGTCAATG,AAACCATTGACGTCTGCGGTGGGGC,CTTAAACCGGCCAACATACCCGTCTCGCACCGCCCCACCGCAGACGTCAATGGTTTCGAGACGTCGAAAGGAACGAGTAGCAT
RBP1,TGAAGTCGACTGGCATTTCG,0_brunello_pub,,TGAAGTCG,CACCGTGAAGTCGACTGGCATTTCG,AAACCGAAATGCCAGTCGACTTCAC,CTTAAACCGGCCAACATACCCGTCTCGCACCGTGAAGTCGACTGGCATTTCGGTTTCGAGACGTCGAAAGGAACGAGTAGCAT
RPS24,TACAAAGATGACATCCGGTG,0_brunello_pub,,TACAAAGA,CACCGTACAAAGATGACATCCGGTG,AAACCACCGGATGTCATCTTTGTAC,CTTAAACCGGCCAACATACCCGTCTCGCACCGTACAAAGATGACATCCGGTGGTTTCGAGACGTCGAAAGGAACGAGTAGCAT
RPS24,TGACCAACCGACTACTTCAG,0_brunello_pub,,TGACCAAC,CACCGTGACCAACCGACTACTTCAG,AAACCTGAAGTAGTCGGTTGGTCAC,CTTAAACCGGCCAACATACCCGTCTCGCACCGTGACCAACCGACTACTTCAGGTTTCGAGACGTCGAAAGGAACGAGTAGCAT
RPS24,TAGGCACTGTCGCCTTCCCG,0_brunello_pub,,TAGGCACT,CACCGTAGGCACTGTCGCCTTCCCG,AAACCGGGAAGGCGACAGTGCCTAC,CTTAAACCGGCCAACATACCCGTCTCGCACCGTAGGCACTGTCGCCTTCCCGGTTTCGAGACGTCGAAAGGAACGAGTAGCAT
RPS24,TGGTCATGAACTTTCTAGTG,0_brunello_pub,,TGGTCATG,CACCGTGGTCATGAACTTTCTAGTG,AAACCACTAGAAAGTTCATGACCAC,CTTAAACCGGCCAACATACCCGTCTCGCACCGTGGTCATGAACTTTCTAGTGGTTTCGAGACGTCGAAAGGAACGAGTAGCAT
RPS4X,TCACCATACACAGGTTACCT,2_brunello_dump,,TCACCATA,CACCGTCACCATACACAGGTTACCT,AAACAGGTAACCTGTGTATGGTGAC,CTTAAACCGGCCAACATACCCGTCTCGCACCGTCACCATACACAGGTTACCTGTTTCGAGACGTCGAAAGGAACGAGTAGCAT
RPS4X,ACATCGTATTACACCTGAGG,2_brunello_dump,,ACATCGTA,CACCGACATCGTATTACACCTGAGG,AAACCCTCAGGTGTAATACGATGTC,CTTAAACCGGCCAACATACCCGTCTCGCACCGACATCGTATTACACCTGAGGGTTTCGAGACGTCGAAAGGAACGAGTAGCAT
RPS4X,CTACCCCGATCCCCTCATCA,2_brunello_dump,,CTACCCCG,CACCGCTACCCCGATCCCCTCATCA,AAACTGATGAGGGGATCGGGGTAGC,CTTAAACCGGCCAACATACCCGTCTCGCACCGCTACCCCGATCCCCTCATCAGTTTCGAGACGTCGAAAGGAACGAGTAGCAT
RPS4X,TGTACATCGTATTACACCTG,0_brunello_pub,,TGTACATC,CACCGTGTACATCGTATTACACCTG,AAACCAGGTGTAATACGATGTACAC,CTTAAACCGGCCAACATACCCGTCTCGCACCGTGTACATCGTATTACACCTGGTTTCGAGACGTCGAAAGGAACGAGTAGCAT
RPS8,ACAAGAAATACCGTGCCCTG,0_brunello_pub,,ACAAGAAA,CACCGACAAGAAATACCGTGCCCTG,AAACCAGGGCACGGTATTTCTTGTC,CTTAAACCGGCCAACATACCCGTCTCGCACCGACAAGAAATACCGTGCCCTGGTTTCGAGACGTCGAAAGGAACGAGTAGCAT
RPS8,GCGCCCAGCTGCCAACACCA,0_brunello_pub,,GCGCCCAG,CACCGGCGCCCAGCTGCCAACACCA,AAACTGGTGTTGGCAGCTGGGCGCC,CTTAAACCGGCCAACATACCCGTCTCGCACCGGCGCCCAGCTGCCAACACCAGTTTCGAGACGTCGAAAGGAACGAGTAGCAT
RPS8,GGAAGTAACACGCACCAGCT,2_brunello_dump,,GGAAGTAA,CACCGGGAAGTAACACGCACCAGCT,AAACAGCTGGTGCGTGTTACTTCCC,CTTAAACCGGCCAACATACCCGTCTCGCACCGGGAAGTAACACGCACCAGCTGTTTCGAGACGTCGAAAGGAACGAGTAGCAT
RPS8,GCACAAGCGCCGCAAAACCG,2_brunello_dump,,GCACAAGC,CACCGGCACAAGCGCCGCAAAACCG,AAACCGGTTTTGCGGCGCTTGTGCC,CTTAAACCGGCCAACATACCCGTCTCGCACCGGCACAAGCGCCGCAAAACCGGTTTCGAGACGTCGAAAGGAACGAGTAGCAT
SCARB2,TGTGTTAAGGAATGGTACTG,0_brunello_pub,,TGTGTTAA,CACCGTGTGTTAAGGAATGGTACTG,AAACCAGTACCATTCCTTAACACAC,CTTAAACCGGCCAACATACCCGTCTCGCACCGTGTGTTAAGGAATGGTACTGGTTTCGAGACGTCGAAAGGAACGAGTAGCAT
SCARB2,CCCCACTTCTTCCACCCGAG,0_brunello_pub,,CCCCACTT,CACCGCCCCACTTCTTCCACCCGAG,AAACCTCGGGTGGAAGAAGTGGGGC,CTTAAACCGGCCAACATACCCGTCTCGCACCGCCCCACTTCTTCCACCCGAGGTTTCGAGACGTCGAAAGGAACGAGTAGCAT
SCARB2,CCCACTAATAACCAAAGATG,0_brunello_pub,,CCCACTAA,CACCGCCCACTAATAACCAAAGATG,AAACCATCTTTGGTTATTAGTGGGC,CTTAAACCGGCCAACATACCCGTCTCGCACCGCCCACTAATAACCAAAGATGGTTTCGAGACGTCGAAAGGAACGAGTAGCAT
SCARB2,AATCCAGAGGAGATCCTCAG,1_tkov3,,AATCCAGA,CACCGAATCCAGAGGAGATCCTCAG,AAACCTGAGGATCTCCTCTGGATTC,CTTAAACCGGCCAACATACCCGTCTCGCACCGAATCCAGAGGAGATCCTCAGGTTTCGAGACGTCGAAAGGAACGAGTAGCAT
SRSF1,ATCGACCTCAAGAATCGCCG,1_tkov3,,ATCGACCT,CACCGATCGACCTCAAGAATCGCCG,AAACCGGCGATTCTTGAGGTCGATC,CTTAAACCGGCCAACATACCCGTCTCGCACCGATCGACCTCAAGAATCGCCGGTTTCGAGACGTCGAAAGGAACGAGTAGCAT
SRSF1,ACCTCCAGACATCCGAACCA,0_brunello_pub,,ACCTCCAG,CACCGACCTCCAGACATCCGAACCA,AAACTGGTTCGGATGTCTGGAGGTC,CTTAAACCGGCCAACATACCCGTCTCGCACCGACCTCCAGACATCCGAACCAGTTTCGAGACGTCGAAAGGAACGAGTAGCAT
SRSF1,CGGGTCCTCGAACTCAACGA,0_brunello_pub,,CGGGTCCT,CACCGCGGGTCCTCGAACTCAACGA,AAACTCGTTGAGTTCGAGGACCCGC,CTTAAACCGGCCAACATACCCGTCTCGCACCGCGGGTCCTCGAACTCAACGAGTTTCGAGACGTCGAAAGGAACGAGTAGCAT
SRSF1,CGCGACGGCTATGATTACGA,0_brunello_pub,,CGCGACGG,CACCGCGCGACGGCTATGATTACGA,AAACTCGTAATCATAGCCGTCGCGC,CTTAAACCGGCCAACATACCCGTCTCGCACCGCGCGACGGCTATGATTACGAGTTTCGAGACGTCGAAAGGAACGAGTAGCAT
TIA1,CTCATATGTACTCTTTGGAG,0_brunello_pub,,CTCATATG,CACCGCTCATATGTACTCTTTGGAG,AAACCTCCAAAGAGTACATATGAGC,CTTAAACCGGCCAACATACCCGTCTCGCACCGCTCATATGTACTCTTTGGAGGTTTCGAGACGTCGAAAGGAACGAGTAGCAT
TIA1,CATTAGCTGCTATGAATGGA,0_brunello_pub,,CATTAGCT,CACCGCATTAGCTGCTATGAATGGA,AAACTCCATTCATAGCAGCTAATGC,CTTAAACCGGCCAACATACCCGTCTCGCACCGCATTAGCTGCTATGAATGGAGTTTCGAGACGTCGAAAGGAACGAGTAGCAT
TIA1,GTTGTGCATTTCCATACCAC,1_tkov3,,GTTGTGCA,CACCGGTTGTGCATTTCCATACCAC,AAACGTGGTATGGAAATGCACAACC,CTTAAACCGGCCAACATACCCGTCTCGCACCGGTTGTGCATTTCCATACCACGTTTCGAGACGTCGAAAGGAACGAGTAGCAT
TIA1,GAAAACGCCATTCAACAGAT,0_brunello_pub,,GAAAACGC,CACCGGAAAACGCCATTCAACAGAT,AAACATCTGTTGAATGGCGTTTTCC,CTTAAACCGGCCAACATACCCGTCTCGCACCGGAAAACGCCATTCAACAGATGTTTCGAGACGTCGAAAGGAACGAGTAGCAT
TIAL1,CCATTGACTATAGTCAACCT,2_brunello_dump,,CCATTGAC,CACCGCCATTGACTATAGTCAACCT,AAACAGGTTGACTATAGTCAATGGC,CTTAAACCGGCCAACATACCCGTCTCGCACCGCCATTGACTATAGTCAACCTGTTTCGAGACGTCGAAAGGAACGAGTAGCAT
TIAL1,AATGCGATTGTGCATATGGG,0_brunello_pub,,AATGCGAT,CACCGAATGCGATTGTGCATATGGG,AAACCCCATATGCACAATCGCATTC,CTTAAACCGGCCAACATACCCGTCTCGCACCGAATGCGATTGTGCATATGGGGTTTCGAGACGTCGAAAGGAACGAGTAGCAT
TIAL1,TTAGGAGGAGGTATTACAGG,1_tkov3,,TTAGGAGG,CACCGTTAGGAGGAGGTATTACAGG,AAACCCTGTAATACCTCCTCCTAAC,CTTAAACCGGCCAACATACCCGTCTCGCACCGTTAGGAGGAGGTATTACAGGGTTTCGAGACGTCGAAAGGAACGAGTAGCAT
TIAL1,TATGGAAACCCACAACAGTA,1_tkov3,,TATGGAAA,CACCGTATGGAAACCCACAACAGTA,AAACTACTGTTGTGGGTTTCCATAC,CTTAAACCGGCCAACATACCCGTCTCGCACCGTATGGAAACCCACAACAGTAGTTTCGAGACGTCGAAAGGAACGAGTAGCAT
